title,category,price_gbp,price_inr,rating,in_stock
It's Only the Himalayas,Travel,45.17,4765.435,2,True
Full Moon over Noahâs Ark: An Odyssey to Mount Ararat and Beyond,Travel,49.43,5214.865,4,True
See America: A Celebration of Our National Parks & Treasured Sites,Travel,48.87,5155.785,3,True
Vagabonding: An Uncommon Guide to the Art of Long-Term World Travel,Travel,36.94,3897.1699999999996,2,True
Under the Tuscan Sun,Travel,37.33,3938.3149999999996,3,True
A Summer In Europe,Travel,44.34,4677.870000000001,2,True
The Great Railway Bazaar,Travel,30.54,3221.97,1,True
A Year in Provence (Provence #1),Travel,56.88,6000.84,4,True
The Road to Little Dribbling: Adventures of an American in Britain (Notes From a Small Island #2),Travel,23.21,2448.655,1,True
Neither Here nor There: Travels in Europe,Travel,38.95,4109.225,3,True
"1,000 Places to See Before You Die",Travel,26.08,2751.4399999999996,5,True
Sharp Objects,Mystery,47.82,5045.01,4,True
"In a Dark, Dark Wood",Mystery,19.63,2070.9649999999997,1,True
The Past Never Ends,Mystery,56.5,5960.75,4,True
A Murder in Time,Mystery,16.64,1755.52,1,True
The Murder of Roger Ackroyd (Hercule Poirot #4),Mystery,44.1,4652.55,4,True
The Last Mile (Amos Decker #2),Mystery,54.21,5719.155,2,True
That Darkness (Gardiner and Renner #1),Mystery,13.92,1468.56,1,True
Tastes Like Fear (DI Marnie Rome #3),Mystery,10.69,1127.7949999999998,1,True
A Time of Torment (Charlie Parker #14),Mystery,48.35,5100.925,5,True
A Study in Scarlet (Sherlock Holmes #1),Mystery,16.73,1765.015,2,True
Poisonous (Max Revere Novels #3),Mystery,26.8,2827.4,3,True
Murder at the 42nd Street Library (Raymond Ambler #1),Mystery,54.36,5734.98,4,True
Most Wanted,Mystery,35.28,3722.04,3,True
Hide Away (Eve Duncan #20),Mystery,11.84,1249.12,1,True
Boar Island (Anna Pigeon #19),Mystery,59.48,6275.139999999999,3,True
The Widow,Mystery,27.26,2875.9300000000003,2,True
Playing with Fire,Mystery,13.71,1446.4050000000002,3,True
What Happened on Beale Street (Secrets of the South Mysteries #2),Mystery,25.37,2676.5350000000003,5,True
The Bachelor Girl's Guide to Murder (Herringford and Watts Mysteries #1),Mystery,52.3,5517.65,5,True
Delivering the Truth (Quaker Midwife Mystery #1),Mystery,20.89,2203.895,4,True
The Mysterious Affair at Styles (Hercule Poirot #1),Mystery,24.8,2616.4,4,True
In the Woods (Dublin Murder Squad #1),Mystery,38.38,4049.09,2,True
The Silkworm (Cormoran Strike #2),Mystery,23.05,2431.775,5,True
The Exiled,Mystery,43.45,4583.975,3,True
The Cuckoo's Calling (Cormoran Strike #1),Mystery,19.21,2026.6550000000002,1,True
Extreme Prey (Lucas Davenport #26),Mystery,25.4,2679.7,3,True
Career of Evil (Cormoran Strike #3),Mystery,24.72,2607.96,2,True
The No. 1 Ladies' Detective Agency (No. 1 Ladies' Detective Agency #1),Mystery,57.7,6087.35,4,True
The Girl You Lost,Mystery,12.29,1296.5949999999998,5,True
The Girl In The Ice (DCI Erika Foster #1),Mystery,15.85,1672.175,3,True
Blood Defense (Samantha Brinkman #1),Mystery,20.3,2141.65,3,True
1st to Die (Women's Murder Club #1),Mystery,53.98,5694.889999999999,1,True
Tipping the Velvet,Historical Fiction,53.74,5669.570000000001,1,True
Forever and Forever: The Courtship of Henry Longfellow and Fanny Appleton,Historical Fiction,29.69,3132.295,3,True
A Flight of Arrows (The Pathfinders #2),Historical Fiction,55.53,5858.415,5,True
The House by the Lake,Historical Fiction,36.95,3898.2250000000004,1,True
Mrs. Houdini,Historical Fiction,30.25,3191.375,5,True
The Marriage of Opposites,Historical Fiction,28.08,2962.4399999999996,4,True
Glory over Everything: Beyond The Kitchen House,Historical Fiction,45.84,4836.120000000001,3,True
"Love, Lies and Spies",Historical Fiction,20.55,2168.025,2,True
A Paris Apartment,Historical Fiction,39.01,4115.554999999999,4,True
Lilac Girls,Historical Fiction,17.28,1823.0400000000002,2,True
The Constant Princess (The Tudor Court #1),Historical Fiction,16.62,1753.41,3,True
The Invention of Wings,Historical Fiction,37.34,3939.3700000000003,1,True
World Without End (The Pillars of the Earth #2),Historical Fiction,32.97,3478.335,4,True
The Passion of Dolssa,Historical Fiction,28.32,2987.76,5,True
Girl With a Pearl Earring,Historical Fiction,26.77,2824.235,1,True
Voyager (Outlander #3),Historical Fiction,21.07,2222.885,5,True
The Red Tent,Historical Fiction,35.66,3762.1299999999997,5,True
The Last Painting of Sara de Vos,Historical Fiction,55.55,5860.525,2,True
The Guernsey Literary and Potato Peel Pie Society,Historical Fiction,49.53,5225.415,1,True
Girl in the Blue Coat,Historical Fiction,46.83,4940.565,2,True
Between Shades of Gray,Historical Fiction,20.79,2193.345,5,True
While You Were Mine,Historical Fiction,41.32,4359.26,5,True
The Secret Healer,Historical Fiction,34.56,3646.0800000000004,3,True
Starlark,Historical Fiction,25.83,2725.0649999999996,3,True
Lost Among the Living,Historical Fiction,27.7,2922.35,4,True
A Spy's Devotion (The Regency Spies of London #1),Historical Fiction,16.97,1790.3349999999998,5,True
Scott Pilgrim's Precious Little Life (Scott Pilgrim #1),Sequential Art,52.29,5516.595,5,True
Tsubasa: WoRLD CHRoNiCLE 2 (Tsubasa WoRLD CHRoNiCLE #2),Sequential Art,16.28,1717.5400000000002,1,True
This One Summer,Sequential Art,19.49,2056.1949999999997,4,True
The Nameless City (The Nameless City #1),Sequential Art,38.16,4025.8799999999997,4,True
"Saga, Volume 5 (Saga (Collected Editions) #5)",Sequential Art,51.04,5384.72,2,True
"Rat Queens, Vol. 3: Demons (Rat Queens (Collected Editions) #11-15)",Sequential Art,50.4,5317.2,3,True
"Princess Jellyfish 2-in-1 Omnibus, Vol. 01 (Princess Jellyfish 2-in-1 Omnibus #1)",Sequential Art,13.61,1435.855,5,True
"Pop Gun War, Volume 1: Gift",Sequential Art,18.97,2001.3349999999998,1,True
Patience,Sequential Art,10.16,1071.88,3,True
"Outcast, Vol. 1: A Darkness Surrounds Him (Outcast #1)",Sequential Art,15.44,1628.9199999999998,4,True
orange: The Complete Collection 1 (orange: The Complete Collection #1),Sequential Art,48.41,5107.254999999999,1,True
"Lumberjanes, Vol. 2: Friendship to the Max (Lumberjanes #5-8)",Sequential Art,46.91,4949.004999999999,2,True
"Lumberjanes, Vol. 1: Beware the Kitten Holy (Lumberjanes #1-4)",Sequential Art,45.61,4811.855,3,True
Lumberjanes Vol. 3: A Terrible Plan (Lumberjanes #9-12),Sequential Art,19.92,2101.5600000000004,2,True
"I Hate Fairyland, Vol. 1: Madly Ever After (I Hate Fairyland (Compilations) #1-5)",Sequential Art,29.17,3077.4350000000004,2,True
I am a Hero Omnibus Volume 1,Sequential Art,54.63,5763.465,3,True
"Giant Days, Vol. 2 (Giant Days #5-8)",Sequential Art,22.11,2332.605,2,True
Danganronpa Volume 1,Sequential Art,51.99,5484.945000000001,4,True
"Codename Baboushka, Volume 1: The Conclave of Death",Sequential Art,36.72,3873.96,4,True
Camp Midnight,Sequential Art,17.08,1801.9399999999998,4,True
"Bitch Planet, Vol. 1: Extraordinary Machine (Bitch Planet (Collected Editions))",Sequential Art,37.92,4000.5600000000004,2,True
The Shadow Hero (The Shadow Hero),Sequential Art,33.14,3496.27,1,True
"Fables, Vol. 1: Legends in Exile (Fables #1)",Sequential Art,41.62,4390.91,4,True
Batman: The Long Halloween (Batman),Sequential Art,36.5,3850.75,2,True
Batman: The Dark Knight Returns (Batman),Sequential Art,15.38,1622.5900000000001,5,True
"Wonder Woman: Earth One, Volume One (Wonder Woman: Earth One #1)",Sequential Art,37.34,3939.3700000000003,4,True
"We Are Robin, Vol. 1: The Vigilante Business (We Are Robin #1)",Sequential Art,53.9,5686.45,1,True
Through the Woods,Sequential Art,25.38,2677.5899999999997,2,True
Superman Vol. 1: Before Truth (Superman by Gene Luen Yang #1),Sequential Art,11.89,1254.395,5,True
"So Cute It Hurts!!, Vol. 6 (So Cute It Hurts!! #6)",Sequential Art,35.43,3737.865,4,True
Robin War,Sequential Art,47.82,5045.01,3,True
"Red Hood/Arsenal, Vol. 1: Open for Business (Red Hood/Arsenal #1)",Sequential Art,25.48,2688.14,2,True
"Naruto (3-in-1 Edition), Vol. 14: Includes Vols. 40, 41 & 42 (Naruto: Omnibus #14)",Sequential Art,38.39,4050.145,2,True
Lowriders to the Center of the Earth (Lowriders in Space #2),Sequential Art,51.51,5434.304999999999,2,True
El Deafo,Sequential Art,57.62,6078.91,5,True
Batman: Europa,Sequential Art,32.01,3377.055,2,True
Art Ops Vol. 1,Sequential Art,48.8,5148.4,3,True
"Adulthood Is a Myth: A ""Sarah's Scribbles"" Collection",Sequential Art,10.9,1149.95,2,True
"Fruits Basket, Vol. 9 (Fruits Basket #9)",Sequential Art,33.95,3581.7250000000004,4,True
Roller Girl,Sequential Art,14.1,1487.55,5,True
"Fruits Basket, Vol. 7 (Fruits Basket #7)",Sequential Art,19.57,2064.635,1,True
"Fruits Basket, Vol. 6 (Fruits Basket #6)",Sequential Art,20.96,2211.28,4,True
"Death Note, Vol. 6: Give-and-Take (Death Note #6)",Sequential Art,36.39,3839.145,3,True
"Fruits Basket, Vol. 5 (Fruits Basket #5)",Sequential Art,16.33,1722.8149999999998,1,True
"Death Note, Vol. 5: Whiteout (Death Note #5)",Sequential Art,52.41,5529.254999999999,1,True
"The Demon Prince of Momochi House, Vol. 4 (The Demon Prince of Momochi House #4)",Sequential Art,27.88,2941.3399999999997,2,True
"Fruits Basket, Vol. 4 (Fruits Basket #4)",Sequential Art,50.44,5321.42,4,True
"The Wicked + The Divine, Vol. 3: Commercial Suicide (The Wicked + The Divine)",Sequential Art,14.41,1520.255,3,True
"The Sandman, Vol. 3: Dream Country (The Sandman (volumes) #3)",Sequential Art,55.55,5860.525,5,True
"Saga, Volume 3 (Saga (Collected Editions) #3)",Sequential Art,21.57,2275.635,5,True
Prodigy: The Graphic Novel (Legend: The Graphic Novel #2),Sequential Art,43.63,4602.965,3,True
Persepolis: The Story of a Childhood (Persepolis #1-2),Sequential Art,39.13,4128.215,1,True
Original Fake,Sequential Art,31.45,3317.975,3,True
"Grayson, Vol 3: Nemesis (Grayson #3)",Sequential Art,42.72,4506.96,1,True
"Fruits Basket, Vol. 3 (Fruits Basket #3)",Sequential Art,45.17,4765.435,2,True
"Black Butler, Vol. 1 (Black Butler #1)",Sequential Art,49.31,5202.205,1,True
Awkward,Sequential Art,38.02,4011.11,2,True
"The Sandman, Vol. 2: The Doll's House (The Sandman (volumes) #2)",Sequential Art,54.81,5782.455,1,True
"Saga, Volume 2 (Saga (Collected Editions) #2)",Sequential Art,11.75,1239.625,3,True
"Fruits Basket, Vol. 2 (Fruits Basket #2)",Sequential Art,11.64,1228.02,5,True
"Y: The Last Man, Vol. 1: Unmanned (Y: The Last Man #1)",Sequential Art,18.51,1952.805,4,True
"The Wicked + The Divine, Vol. 1: The Faust Act (The Wicked + The Divine)",Sequential Art,36.52,3852.86,2,True
"The Sandman, Vol. 1: Preludes and Nocturnes (The Sandman (volumes) #1)",Sequential Art,54.12,5709.66,3,True
The Complete Maus (Maus #1-2),Sequential Art,10.64,1122.52,3,True
"Skip Beat!, Vol. 01 (Skip Beat! #1)",Sequential Art,42.12,4443.66,3,True
"Saga, Volume 1 (Saga (Collected Editions) #1)",Sequential Art,28.48,3004.64,1,True
"Rat Queens, Vol. 1: Sass & Sorcery (Rat Queens (Collected Editions) #1-5)",Sequential Art,46.96,4954.28,5,True
"Paper Girls, Vol. 1 (Paper Girls #1-5)",Sequential Art,21.71,2290.405,4,True
"Ouran High School Host Club, Vol. 1 (Ouran High School Host Club #1)",Sequential Art,29.87,3151.2850000000003,3,True
"Ms. Marvel, Vol. 1: No Normal (Ms. Marvel (2014-2015) #1)",Sequential Art,39.39,4155.645,4,True
"Hawkeye, Vol. 1: My Life as a Weapon (Hawkeye #1)",Sequential Art,45.24,4772.820000000001,3,True
"Giant Days, Vol. 1 (Giant Days #1-4)",Sequential Art,56.76,5988.179999999999,4,True
"Fruits Basket, Vol. 1 (Fruits Basket #1)",Sequential Art,40.28,4249.54,5,True
"Bleach, Vol. 1: Strawberry and the Soul Reapers (Bleach #1)",Sequential Art,34.65,3655.575,5,True
"Ajin: Demi-Human, Volume 1 (Ajin: Demi-Human #1)",Sequential Art,57.06,6019.83,4,True
